<?xml version="1.0" encoding="UTF-8"?>
<metadata xml:lang="en"><Esri><CreaDate>20180420</CreaDate><CreaTime>14505700</CreaTime><ArcGISFormat>1.0</ArcGISFormat><SyncOnce>FALSE</SyncOnce><DataProperties><itemProps><itemName Sync="TRUE">ENV_MNG.GIS.BED_BREAKFAST</itemName><imsContentType Sync="TRUE">002</imsContentType><nativeExtBox><westBL Sync="TRUE">6377933.797500</westBL><eastBL Sync="TRUE">6533365.715625</eastBL><southBL Sync="TRUE">1818693.720000</southBL><northBL Sync="TRUE">2018090.110000</northBL><exTypeCode Sync="TRUE">1</exTypeCode></nativeExtBox><itemLocation><protocol Sync="TRUE">ArcSDE Connection</protocol></itemLocation></itemProps><coordRef><type Sync="TRUE">Projected</type><geogcsn Sync="TRUE">GCS_North_American_1983</geogcsn><csUnits Sync="TRUE">Linear Unit: Foot_US (0.304801)</csUnits><projcsn Sync="TRUE">NAD_1983_StatePlane_California_II_FIPS_0402_Feet</projcsn><peXml Sync="TRUE">&lt;ProjectedCoordinateSystem xsi:type='typens:ProjectedCoordinateSystem' xmlns:xsi='http://www.w3.org/2001/XMLSchema-instance' xmlns:xs='http://www.w3.org/2001/XMLSchema' xmlns:typens='http://www.esri.com/schemas/ArcGIS/10.3'&gt;&lt;WKT&gt;PROJCS[&amp;quot;NAD_1983_StatePlane_California_II_FIPS_0402_Feet&amp;quot;,GEOGCS[&amp;quot;GCS_North_American_1983&amp;quot;,DATUM[&amp;quot;D_North_American_1983&amp;quot;,SPHEROID[&amp;quot;GRS_1980&amp;quot;,6378137.0,298.257222101]],PRIMEM[&amp;quot;Greenwich&amp;quot;,0.0],UNIT[&amp;quot;Degree&amp;quot;,0.0174532925199433]],PROJECTION[&amp;quot;Lambert_Conformal_Conic&amp;quot;],PARAMETER[&amp;quot;False_Easting&amp;quot;,6561666.666666666],PARAMETER[&amp;quot;False_Northing&amp;quot;,1640416.666666667],PARAMETER[&amp;quot;Central_Meridian&amp;quot;,-122.0],PARAMETER[&amp;quot;Standard_Parallel_1&amp;quot;,38.33333333333334],PARAMETER[&amp;quot;Standard_Parallel_2&amp;quot;,39.83333333333334],PARAMETER[&amp;quot;Latitude_Of_Origin&amp;quot;,37.66666666666666],UNIT[&amp;quot;Foot_US&amp;quot;,0.3048006096012192],AUTHORITY[&amp;quot;EPSG&amp;quot;,2226]]&lt;/WKT&gt;&lt;XOrigin&gt;-115211800&lt;/XOrigin&gt;&lt;YOrigin&gt;-93821500&lt;/YOrigin&gt;&lt;XYScale&gt;1600&lt;/XYScale&gt;&lt;ZOrigin&gt;0&lt;/ZOrigin&gt;&lt;ZScale&gt;1&lt;/ZScale&gt;&lt;MOrigin&gt;0&lt;/MOrigin&gt;&lt;MScale&gt;1&lt;/MScale&gt;&lt;XYTolerance&gt;0.0032808333333333335&lt;/XYTolerance&gt;&lt;ZTolerance&gt;0&lt;/ZTolerance&gt;&lt;MTolerance&gt;0&lt;/MTolerance&gt;&lt;HighPrecision&gt;true&lt;/HighPrecision&gt;&lt;WKID&gt;102642&lt;/WKID&gt;&lt;LatestWKID&gt;2226&lt;/LatestWKID&gt;&lt;/ProjectedCoordinateSystem&gt;</peXml></coordRef></DataProperties><SyncDate>20161020</SyncDate><SyncTime>09475700</SyncTime><ModDate>20161020</ModDate><ModTime>09475700</ModTime><scaleRange><minScale>150000000</minScale><maxScale>5000</maxScale></scaleRange><ArcGISProfile>ItemDescription</ArcGISProfile></Esri><dataIdInfo><envirDesc Sync="TRUE">Microsoft Windows 7 Version 6.1 (Build 7601) Service Pack 1; Esri ArcGIS 10.3.1.4959</envirDesc><dataLang><languageCode value="eng" Sync="TRUE"/><countryCode value="USA" Sync="TRUE"/></dataLang><idCitation><resTitle Sync="FALSE">Bed and Breakfast Locations</resTitle><presForm><PresFormCd value="005" Sync="TRUE"/></presForm></idCitation><spatRpType><SpatRepTypCd value="001" Sync="TRUE"/></spatRpType><dataExt><geoEle><GeoBndBox esriExtentType="search"><exTypeCode Sync="TRUE">1</exTypeCode><westBL Sync="TRUE">-122.643829</westBL><eastBL Sync="TRUE">-122.098416</eastBL><northBL Sync="TRUE">38.703645</northBL><southBL Sync="TRUE">38.154395</southBL></GeoBndBox></geoEle></dataExt><idPurp>To depict the location of Bed and Breakfasts in Napa County.</idPurp><idAbs>&lt;DIV STYLE="text-align:Left;"&gt;&lt;DIV&gt;&lt;DIV&gt;&lt;P&gt;&lt;SPAN&gt;Locations of Bed and Breakfasts within Napa County&lt;/SPAN&gt;&lt;/P&gt;&lt;/DIV&gt;&lt;/DIV&gt;&lt;/DIV&gt;</idAbs><searchKeys><keyword>Bed</keyword><keyword>breakfast</keyword><keyword>inn</keyword><keyword>hotel</keyword><keyword>motel</keyword><keyword>napa county</keyword></searchKeys><resConst><Consts><useLimit>&lt;DIV STYLE="text-align:Left;"&gt;&lt;DIV&gt;&lt;P&gt;&lt;SPAN&gt;This GIS data is intended to provide a visual display of data for the user's convenience. Users of this data are hereby notified that the appropriate public primary information sources should be consulted for verification of the information. Although every reasonable effort has been made to assure the accuracy of this data, the County of Napa makes no warranty, representation or guaranty as to the content, sequence, accuracy, timeliness or completeness of any of the data provided herein and explicitly disclaims any representations and warranties, including, without limitation, the implied warranties of merchantability and fitness for a particular purpose. The County of Napa assumes no liability for any errors, omissions, or inaccuracies in the information provided regardless of how caused and assumes no liability for any decisions made or actions taken or not taken by the user of the data in reliance upon any information or data furnished hereunder. Because the GIS data provided is not warranted to be up-to-date, the user should check with the County staff for updated information.&lt;/SPAN&gt;&lt;/P&gt;&lt;/DIV&gt;&lt;/DIV&gt;</useLimit></Consts></resConst></dataIdInfo><mdLang><languageCode value="eng" Sync="TRUE"/><countryCode value="USA" Sync="TRUE"/></mdLang><mdChar><CharSetCd value="004" Sync="TRUE"/></mdChar><distInfo><distFormat><formatName Sync="TRUE">SDE Feature Class</formatName></distFormat></distInfo><mdHrLv><ScopeCd value="005" Sync="TRUE"/></mdHrLv><mdHrLvName Sync="TRUE">dataset</mdHrLvName><refSysInfo><RefSystem><refSysID><identCode code="2226" Sync="TRUE"/><idCodeSpace Sync="TRUE">EPSG</idCodeSpace><idVersion Sync="TRUE">8.6.2</idVersion></refSysID></RefSystem></refSysInfo><spatRepInfo><VectSpatRep><geometObjs Name="ENV_MNG.GIS.BED_BREAKFAST"><geoObjTyp><GeoObjTypCd value="004" Sync="TRUE"/></geoObjTyp><geoObjCnt Sync="TRUE">62</geoObjCnt></geometObjs><topLvl><TopoLevCd value="001" Sync="TRUE"/></topLvl></VectSpatRep></spatRepInfo><spdoinfo><ptvctinf><esriterm Name="ENV_MNG.GIS.BED_BREAKFAST"><efeatyp Sync="TRUE">Simple</efeatyp><efeageom code="1" Sync="TRUE"/><esritopo Sync="TRUE">FALSE</esritopo><efeacnt Sync="TRUE">62</efeacnt><spindex Sync="TRUE">FALSE</spindex><linrefer Sync="TRUE">FALSE</linrefer></esriterm></ptvctinf></spdoinfo><eainfo><detailed Name="ENV_MNG.GIS.BED_BREAKFAST"><enttyp><enttypl>BED_BREAKFAST</enttypl><enttypt Sync="TRUE">Feature Class</enttypt><enttypc Sync="TRUE">62</enttypc><enttypd>Point location of Bed and Breakfasts</enttypd><enttypds>Dataset Developer</enttypds></enttyp><attr><attrlabl Sync="TRUE">objectid</attrlabl><attalias Sync="TRUE">objectid</attalias><attrtype Sync="TRUE">OID</attrtype><attwidth Sync="TRUE">4</attwidth><atprecis Sync="TRUE">10</atprecis><attscale Sync="TRUE">0</attscale><attrdef Sync="TRUE">Internal feature number.</attrdef><attrdefs Sync="TRUE">Esri</attrdefs><attrdomv><udom Sync="TRUE">Sequential unique whole numbers that are automatically generated.</udom></attrdomv></attr><attr><attrlabl Sync="TRUE">shape</attrlabl><attalias Sync="TRUE">shape</attalias><attrtype Sync="TRUE">Geometry</attrtype><attwidth Sync="TRUE">4</attwidth><atprecis Sync="TRUE">0</atprecis><attscale Sync="TRUE">0</attscale><attrdef Sync="TRUE">Feature geometry.</attrdef><attrdefs Sync="TRUE">Esri</attrdefs><attrdomv><udom Sync="TRUE">Coordinates defining the features.</udom></attrdomv></attr><attr><attrlabl Sync="TRUE">permitID</attrlabl><attalias Sync="TRUE">permitID</attalias><attrtype Sync="TRUE">Integer</attrtype><attwidth Sync="TRUE">4</attwidth><atprecis Sync="TRUE">10</atprecis><attscale Sync="TRUE">0</attscale><attrdef>permit ID number for the business</attrdef></attr><attr><attrlabl Sync="TRUE">licenseStatus</attrlabl><attalias Sync="TRUE">licenseStatus</attalias><attrtype Sync="TRUE">String</attrtype><attwidth Sync="TRUE">50</attwidth><atprecis Sync="TRUE">0</atprecis><attscale Sync="TRUE">0</attscale><attrdef>license status</attrdef></attr><attr><attrlabl Sync="TRUE">permitType</attrlabl><attalias Sync="TRUE">permitType</attalias><attrtype Sync="TRUE">String</attrtype><attwidth Sync="TRUE">50</attwidth><atprecis Sync="TRUE">0</atprecis><attscale Sync="TRUE">0</attscale><attrdef>Type of permit</attrdef></attr><attr><attrlabl Sync="TRUE">permitName</attrlabl><attalias Sync="TRUE">permitName</attalias><attrtype Sync="TRUE">String</attrtype><attwidth Sync="TRUE">75</attwidth><atprecis Sync="TRUE">0</atprecis><attscale Sync="TRUE">0</attscale><attrdef>Name under which permit was issued</attrdef></attr><attr><attrlabl Sync="TRUE">address_full_core</attrlabl><attalias Sync="TRUE">address_full_core</attalias><attrtype Sync="TRUE">String</attrtype><attwidth Sync="TRUE">250</attwidth><atprecis Sync="TRUE">0</atprecis><attscale Sync="TRUE">0</attscale><attrdef>address</attrdef></attr><attr><attrlabl Sync="TRUE">district</attrlabl><attalias Sync="TRUE">district</attalias><attrtype Sync="TRUE">Integer</attrtype><attwidth Sync="TRUE">4</attwidth><atprecis Sync="TRUE">10</atprecis><attscale Sync="TRUE">0</attscale><attrdef>inspection district</attrdef></attr><attr><attrlabl Sync="TRUE">FeeDescription</attrlabl><attalias Sync="TRUE">FeeDescription</attalias><attrtype Sync="TRUE">String</attrtype><attwidth Sync="TRUE">100</attwidth><atprecis Sync="TRUE">0</atprecis><attscale Sync="TRUE">0</attscale><attrdef>fee description</attrdef></attr><attr><attrlabl Sync="TRUE">Status</attrlabl><attalias Sync="TRUE">Status</attalias><attrtype Sync="TRUE">String</attrtype><attwidth Sync="TRUE">1</attwidth><atprecis Sync="TRUE">0</atprecis><attscale Sync="TRUE">0</attscale><attrdef>geocoding status</attrdef></attr><attr><attrlabl Sync="TRUE">Score</attrlabl><attalias Sync="TRUE">Score</attalias><attrtype Sync="TRUE">SmallInteger</attrtype><attwidth Sync="TRUE">2</attwidth><atprecis Sync="TRUE">5</atprecis><attscale Sync="TRUE">0</attscale><attrdef>geocoding score</attrdef></attr></detailed></eainfo><mdDateSt Sync="TRUE">20161020</mdDateSt><idinfo><ptcontac><cntinfo><cntperp><cntper>John Kara</cntper><cntorg>County of Napa Planning, Building and Environmental Services Department</cntorg></cntperp><cntaddr><addrtype>mailing and physical address</addrtype><address>1195 3rd Street</address><city>Napa</city><state>CA</state><postal>94559</postal><country>USA</country></cntaddr><cntvoice>707-253-4471</cntvoice><cntemail>john.kara@countyofnapa.org</cntemail><hours>M-F 8:00 am - 5:00 pm</hours></cntinfo></ptcontac><citation><citeinfo><pubdate>20150918</pubdate><title>Bed and Breakfasts</title><origin>County of Napa Planning, Building and Environmental Services Department</origin></citeinfo></citation><keywords><place><placekey>Napa County</placekey><placekey>American Canyon</placekey><placekey>Napa</placekey><placekey>Yountville</placekey><placekey>St Helena</placekey><placekey>Calistoga</placekey><placekt>Geographic Names Information System</placekt></place><theme><themekt>ISO 19115 Topic Category</themekt><themekey>Location</themekey></theme></keywords><descript><abstract>Bed and Breakfast locations within Napa County.  This data is extracted from DHD data.  It includes Open, Open - Under Review and Pending license statuses.</abstract><purpose>To depict the location of Bed and Breakfasts within Napa County.</purpose></descript><timeperd><current>ground condition</current></timeperd><status><progress>Complete</progress><update>Continually</update></status><accconst>None.  Data is available from County of Napa by registering at website: http://gis.napa.ca.gov/giscatalog/catalog.asp.  This data is made available under the Public Domain Dedication and License version v1.0 whose full text can be found at: http://opendatacommons.org/licenses/pddl/1.0/</accconst><useconst>Disclaimer: This GIS data is intended to provide a visual display of data for the user's convenience. Users of this data are hereby notified that the appropriate public primary information sources should be consulted for verification of the information.  Although every reasonable effort has been made to assure the accuracy of this data, the County of Napa makes no warranty, representation or guaranty as to the content, sequence, accuracy, timeliness or completeness of any of the data provided herein and explicitly disclaims any representations and warranties, including, without limitation, the implied warranties of merchantability and fitness for a particular purpose. The County of Napa assumes no liability for any errors, omissions, or inaccuracies in the information provided regardless of how caused and assumes no liability for any decisions made or actions taken or not taken by the user of the data in reliance upon any information or data furnished hereunder. Because the GIS data provided is not warranted to be up-to-date, the user should check with the County staff for updated information.</useconst></idinfo><dataqual><lineage><procstep><procdesc>Created view</procdesc><srcused>http://gis.napa.ca.gov/giscatalog/catalog.asp</srcused><procdate>20150918</procdate></procstep><procstep><procdesc>routine updates as is done on a continuous basis</procdesc><procdate>20180116</procdate></procstep></lineage></dataqual><distinfo><resdesc>None.  Data is available from County of Napa by registering at website: http://gis.napa.ca.gov/giscatalog/catalog.asp</resdesc><distliab>Disclaimer: This GIS data is intended to provide a visual display of data for the user's convenience. Users of this data are hereby notified that the appropriate public primary information sources should be consulted for verification of the information.  Although every reasonable effort has been made to assure the accuracy of this data, the County of Napa makes no warranty, representation or guaranty as to the content, sequence, accuracy, timeliness or completeness of any of the data provided herein and explicitly disclaims any representations and warranties, including, without limitation, the implied warranties of merchantability and fitness for a particular purpose. The County of Napa assumes no liability for any errors, omissions, or inaccuracies in the information provided regardless of how caused and assumes no liability for any decisions made or actions taken or not taken by the user of the data in reliance upon any information or data furnished hereunder. Because the GIS data provided is not warranted to be up-to-date, the user should check with the County staff for updated information.</distliab><stdorder/><distrib><cntinfo><cntpos>Geographic Information Officer</cntpos><cntaddr><addrtype>mailing and physical address</addrtype><address>650 Imperial Way, Suite 201</address><city>Napa</city><state>CA</state><postal>94559</postal><country>USA</country></cntaddr><cntvoice>(707) 259-8141</cntvoice><cntfax>(707) 299-4294</cntfax><cntemail>gisstaff@countyofnapa.org</cntemail><hours>M - F 8:00 am - 5:00 pm</hours><cntorgp><cntorg>County of Napa ITS Department</cntorg></cntorgp></cntinfo></distrib></distinfo><metainfo><metc><cntinfo><cntperp><cntorg>County of Napa ITS Department</cntorg></cntperp><cntpos>Geographic Information Officer</cntpos><cntaddr><addrtype>mailing and physical address</addrtype><address>650 Imperial Way, Suite 201</address><city>Napa</city><state>CA</state><postal>94559</postal><country>USA</country></cntaddr><cntvoice>(707) 259-8141</cntvoice><cntfax>(707) 299-4294</cntfax><cntemail>gisstaff@countyofnapa.org</cntemail><hours>M - F 8:00 am - 5:00 pm</hours></cntinfo></metc></metainfo></metadata>
