Year,hole_area,Dobson Units,co2,co2_growth_prct,co2_growth_abs,consumption_co2,trade_co2,trade_co2_share,co2_per_capita,consumption_co2_per_capita,share_global_co2,cumulative_co2,share_global_cumulative_co2,co2_per_gdp,consumption_co2_per_gdp,co2_per_unit_energy,cement_co2,coal_co2,flaring_co2,gas_co2,oil_co2,other_industry_co2,cement_co2_per_capita,coal_co2_per_capita,flaring_co2_per_capita,gas_co2_per_capita,oil_co2_per_capita,other_co2_per_capita,share_global_coal_co2,share_global_oil_co2,share_global_gas_co2,share_global_flaring_co2,share_global_cement_co2,cumulative_coal_co2,cumulative_oil_co2,cumulative_gas_co2,cumulative_flaring_co2,cumulative_cement_co2,share_global_cumulative_coal_co2,share_global_cumulative_oil_co2,share_global_cumulative_gas_co2,share_global_cumulative_flaring_co2,share_global_cumulative_cement_co2,total_ghg,ghg_per_capita,methane,methane_per_capita,nitrous_oxide,nitrous_oxide_per_capita,primary_energy_consumption,energy_per_capita,energy_per_gdp,population,gdp
1979,0.1,225.0,76753.46500000004,1479.3090000000004,2085.9840000000013,0.0,0.0,0.0,1246.3459999999995,0.0,392.00299999999976,2305064.1359999995,397.2239999999999,68.84299999999999,0.0,30.786000000000023,1669.7610000000009,27231.72900000001,1354.378,10486.124999999998,35558.909000000014,0.0,23.078999999999994,239.0679999999999,96.71899999999998,182.74899999999997,704.7309999999998,0.0,399.52200000000005,384.139,398.6859999999999,376.0100000000001,416.159,1452189.1559999997,639720.6009999997,160386.192,21185.256999999998,31582.92099999999,416.11300000000006,368.43899999999974,362.5719999999999,360.51599999999985,417.5849999999999,0.0,0.0,0.0,0.0,0.0,0.0,141762.633,2591656.5490000006,242.53599999999997,12768980128.0,62588430744960.0
1980,1.4,203.0,76520.75100000002,1627.9939999999992,-220.08500000000006,0.0,0.0,0.0,1220.2629999999997,0.0,392.77999999999986,2381129.1599999997,397.0739999999999,81.98799999999999,0.0,30.434000000000008,1677.528,28059.402000000013,1191.3429999999998,10819.085000000001,34332.416999999994,0.0,23.53299999999999,245.65300000000002,78.405,187.98500000000007,684.7010000000005,0.0,399.84999999999985,384.7349999999998,399.518,376.424,415.2819999999998,1480248.556,674038.3130000003,171205.232,22376.601000000002,33260.459000000024,415.79,369.2279999999997,364.707,361.3279999999999,417.47200000000004,0.0,0.0,0.0,0.0,0.0,0.0,140370.72699999998,2533471.384000001,238.32700000000003,12992977936.0,65315057635584.0
1981,0.6,209.5,74378.19699999999,122.00999999999998,-2108.6720000000005,0.0,0.0,0.0,1119.9099999999996,0.0,392.5940000000001,2455099.6559999995,396.939,80.04700000000001,0.0,29.741000000000007,1666.9170000000008,27680.39400000002,900.0750000000002,11020.051000000003,32703.674999999996,0.0,22.401999999999997,239.4439999999999,42.63200000000001,178.934,636.4970000000004,0.0,396.9110000000002,385.3210000000001,402.332,379.2909999999999,412.9489999999999,1507928.96,706741.3770000001,182225.28399999999,23276.676,34927.366999999984,415.429,369.9429999999998,366.78600000000006,361.994,417.25,0.0,0.0,0.0,0.0,0.0,0.0,139240.50799999997,2493944.0409999997,239.14900000000003,13221386896.0,65761950803104.0
1982,4.8,185.0,73889.81099999999,494.20399999999995,-449.638,0.0,0.0,0.0,1102.6370000000002,0.0,393.1350000000001,2528621.130000001,396.8269999999999,78.88700000000001,0.0,29.591999999999985,1652.6130000000003,28103.688000000016,899.7460000000005,10864.161,32001.270000000022,0.0,22.087000000000014,237.53700000000003,42.342999999999996,168.69099999999995,631.9830000000002,0.0,395.82800000000015,386.3409999999999,405.302,381.5779999999999,411.48599999999965,1536032.6440000008,738742.63,193089.44100000002,24176.416,36579.985000000015,415.05599999999987,370.62899999999973,368.7520000000001,362.6889999999999,416.9840000000001,0.0,0.0,0.0,0.0,0.0,0.0,138291.304,2504859.1940000006,244.00799999999998,13453811032.0,65954100909296.0
1983,7.9,172.9,74492.61100000003,317.7269999999999,617.051,0.0,0.0,0.0,1011.216,0.0,392.7569999999999,2602759.6540000006,396.71000000000004,78.24500000000002,0.0,29.245000000000005,1683.8020000000006,28773.502999999997,809.7450000000003,11139.444999999998,31732.041999999998,0.0,21.987,241.69500000000008,36.29800000000001,167.01400000000004,544.2179999999998,0.0,393.49699999999996,386.29000000000013,408.767,379.9040000000001,409.5190000000001,1564806.1509999996,770474.678,204228.8749999999,24986.16500000001,38263.782000000014,414.63999999999993,371.2499999999999,370.72999999999996,363.22,416.65400000000005,0.0,0.0,0.0,0.0,0.0,0.0,140426.85100000002,2486081.223,243.96399999999994,13691534088.0,67136100665568.0
1984,10.1,163.6,76351.27500000001,1224.744000000001,1857.2300000000012,0.0,0.0,0.0,1110.6570000000002,0.0,391.20499999999964,2678753.9979999987,396.55,77.50400000000002,0.0,28.822000000000006,1698.8529999999992,29779.230000000014,696.2110000000001,12024.942000000005,31796.43799999999,0.0,22.709999999999997,251.93400000000008,35.36600000000001,174.32899999999998,626.311,0.0,390.58899999999994,385.24100000000004,408.6609999999999,372.068,405.6169999999999,1594585.375,802269.786,216253.82299999992,25682.373000000003,39962.638000000006,414.159,371.7799999999998,372.656,363.45400000000006,416.17199999999997,0.0,0.0,0.0,0.0,0.0,0.0,147188.03100000002,2556241.5239999993,242.90000000000003,13935982768.0,69442600699616.0
1985,14.2,146.5,79177.888,1192.4500000000005,2818.4919999999993,0.0,0.0,0.0,1155.8190000000002,0.0,391.78599999999994,2757568.175999999,396.407,81.63,0.0,26.83599999999999,1699.1369999999995,32036.279999999988,673.8499999999999,12618.783999999996,31786.13,0.0,22.04700000000001,269.109,32.46000000000001,187.505,644.7049999999998,0.0,391.76299999999986,384.33799999999997,411.77000000000004,370.47999999999996,401.94199999999995,1626621.6550000005,834055.9089999998,228872.607,26356.229000000007,41661.777999999984,413.6939999999999,372.24099999999976,374.61799999999994,363.632,415.56899999999996,0.0,0.0,0.0,0.0,0.0,0.0,165838.70600000003,3128620.9930000002,309.5720000000002,14187824208.0,71648801109088.0
1986,11.3,157.8,80133.497,77.50400000000008,929.7280000000003,0.0,0.0,0.0,1027.4140000000002,0.0,390.8649999999999,2837312.061000001,396.248,81.82299999999998,0.0,26.254,1757.7139999999993,32355.412000000004,623.047,12363.755000000001,32643.97800000001,0.0,21.319999999999997,267.2809999999999,23.110999999999994,192.44999999999996,523.2590000000001,0.0,391.29,383.277,411.361,366.10400000000004,399.515,1658977.06,866699.8860000008,241236.3660000001,26979.270999999993,43419.479,413.23399999999987,372.64699999999976,376.34100000000007,363.69000000000005,414.8960000000001,0.0,0.0,0.0,0.0,0.0,0.0,169442.12099999996,3192387.085,316.0540000000002,14447873744.0,74234308062208.0
1987,19.3,123.0,82113.91699999999,1861.8080000000014,1844.0509999999992,0.0,0.0,0.0,1028.4900000000002,0.0,387.3489999999999,2918900.0030000014,396.0010000000001,82.10900000000002,0.0,26.108999999999998,1821.3869999999995,33316.48800000002,600.962,13435.600999999999,32413.517999999993,0.0,21.98400000000001,270.5910000000001,19.779,198.92499999999998,517.2059999999999,0.0,388.85800000000006,376.148,412.693,367.44199999999995,397.3690000000002,1692293.5400000003,899113.406,254671.96200000006,27580.233999999997,45240.865000000005,412.7209999999999,372.7729999999998,378.10099999999994,363.77,414.16100000000006,0.0,0.0,0.0,0.0,0.0,0.0,175360.111,3202663.5379999997,314.6159999999999,14714853936.0,77086924058912.0
1988,10.0,171.0,84874.61400000003,1164.8469999999993,2742.937999999999,0.0,0.0,0.0,1059.952,0.0,385.66799999999984,3003230.8930000006,395.70600000000013,82.38900000000002,0.0,26.256999999999994,1919.8970000000006,34209.718,697.29,14077.428999999996,33426.57,0.0,22.45200000000001,273.6070000000001,18.671,210.21300000000008,535.0089999999999,0.0,386.1620000000002,374.724,412.2650000000001,374.516,395.09399999999994,1726503.2619999996,932539.9630000007,268749.3880000001,28277.517999999996,47160.763,412.164,372.8469999999999,379.7429999999999,364.028,413.3409999999998,0.0,0.0,0.0,0.0,0.0,0.0,181938.73999999996,3238615.155999999,312.167,14984688080.0,80273488188128.0
1989,18.7,127.0,85979.30500000002,1052.3190000000006,1087.3540000000005,0.0,0.0,0.0,1097.7969999999998,0.0,384.8789999999998,3088649.1369999996,395.396,81.897,0.0,26.40499999999999,1966.1900000000003,34132.24800000001,582.613,14805.145999999999,33932.05800000001,0.0,22.768,271.16099999999994,17.438000000000002,225.46199999999988,560.959,0.0,384.2730000000001,374.12999999999994,412.09499999999997,384.678,395.4089999999999,1760635.5110000006,966472.0259999996,283554.532,28860.130999999994,49126.954999999965,411.584,372.8819999999999,381.31,364.42,412.5999999999998,0.0,0.0,0.0,0.0,0.0,0.0,185609.674,3279812.523,312.748,15251870928.0,82932166110208.0
1990,19.2,124.2,88010.112,918.9739999999991,2030.932000000002,19315.254,623.7150000000004,2506.0330000000004,1103.18,724.62,385.29499999999996,3176101.335999999,395.11200000000014,79.19200000000004,53.68300000000001,30.761999999999993,1962.9779999999994,33185.24000000001,955.6690000000001,15891.200999999997,34779.49700000001,677.6149999999998,22.32999999999999,262.484,18.693,223.9060000000001,569.5699999999995,6.191999999999998,380.5420000000001,377.26999999999987,411.591,385.4940000000001,393.22799999999995,1793820.7440000004,1001251.5220000002,299445.7370000001,29815.792999999998,51089.92,410.9569999999998,373.0279999999999,382.8009999999999,365.05800000000005,411.8189999999999,73033.21,1699.1480000000001,15377.880000000003,451.94599999999997,5230.7400000000025,132.50099999999998,189008.78299999997,3543484.719999999,352.883,15531974896.0,84761158130464.0
1991,18.8,119.0,88534.589,125.25199999999998,61.47200000000013,19329.437000000005,443.6869999999999,3693.3869999999993,1078.612999999999,716.8249999999997,379.78199999999987,3264093.982,394.6800000000002,79.93100000000001,54.50000000000001,27.848999999999986,1984.8610000000003,32555.985000000015,961.7649999999999,16167.618000000002,35702.46900000003,619.9629999999997,21.37000000000001,248.49699999999999,21.019000000000002,221.651,560.6429999999997,5.430999999999999,376.811,368.9529999999999,410.434,366.1789999999999,387.039,1826376.7290000012,1036953.9989999994,315613.35199999996,30777.555999999986,53074.776999999995,410.2950000000001,372.8949999999998,384.1249999999999,365.1,410.83499999999987,73252.23000000004,1669.0020000000002,15302.09,447.5309999999998,5188.85,128.659,190249.977,3466822.2150000017,355.83399999999983,15784940976.0,85818277471520.0
1992,22.3,114.3,85683.42900000003,4921.338000000005,-2383.049,20318.057999999994,1232.1269999999997,2792.228,1059.5210000000004,756.0599999999998,379.28599999999994,3348747.9010000005,394.218,80.44600000000003,55.50099999999999,28.064999999999994,2040.2000000000005,31327.130999999994,889.538,16241.266999999998,34061.85100000001,571.8589999999999,20.96399999999999,234.17499999999995,21.165000000000006,231.19500000000008,547.2150000000001,4.824,371.912,371.853,409.44799999999987,383.3519999999999,381.68,1857703.8549999997,1070564.7380000001,331854.60900000005,31640.275,55114.988000000005,409.58500000000015,372.69999999999993,385.289,365.27700000000004,409.6779999999999,72838.87999999999,1627.6760000000004,15152.160000000003,440.719,5161.3,124.80400000000004,191575.90700000004,3486462.077,356.528,16030663944.0,88317801898512.0
1993,24.2,112.6,85945.14600000002,542.934,259.5679999999999,20260.896000000004,824.5659999999999,2339.502,1082.7219999999998,747.9390000000001,376.46099999999996,3434139.3019999987,393.75300000000004,82.188,55.33800000000001,27.942000000000014,2085.3340000000003,31377.86100000001,868.0540000000001,16607.458999999995,33931.63900000002,521.054,20.109999999999996,227.43899999999994,17.92800000000001,246.572,566.1150000000008,4.5409999999999995,368.1819999999999,369.466,407.61599999999993,380.08700000000005,375.525,1889081.7129999993,1104496.3839999996,348462.05900000007,32508.334000000006,57200.31700000002,408.82199999999995,372.61299999999994,386.29600000000005,365.65299999999996,408.32599999999996,72953.13999999998,1609.1740000000002,15094.629999999996,435.5090000000002,5133.190000000001,122.78,193410.23299999998,3694073.8379999986,370.205,16270568392.0,89929281969472.0
1994,23.6,92.3,85845.10399999998,4010.9679999999994,-124.61799999999991,20352.648999999998,550.035,2343.7890000000007,1070.8269999999995,743.688,373.26399999999984,3519406.858,393.2350000000001,80.64799999999997,53.674000000000014,27.560999999999996,2204.045999999999,31232.257999999998,875.388,16640.387,33816.81500000002,498.60299999999995,21.121000000000002,216.80300000000003,17.909000000000006,247.12400000000005,563.4560000000001,4.428000000000001,364.31699999999995,366.73100000000017,404.67800000000017,377.997,372.33600000000007,1920313.9670000002,1138313.1979999996,365102.44800000003,33383.72,59404.426,408.007,372.4259999999998,387.10400000000004,365.969,406.8689999999999,73322.13,1597.4039999999995,15029.309999999996,429.4959999999998,5308.709999999999,126.94800000000008,195927.13200000004,3712111.991,368.00199999999995,16507120112.0,92248120388928.0
1995,,,87252.93699999998,1157.1160000000002,1375.316,20819.038000000004,550.0859999999998,2516.6849999999995,1055.3639999999991,737.667,371.344,3606049.6740000024,392.67600000000016,79.40800000000002,52.78000000000004,27.357999999999997,2314.3019999999988,31961.745999999992,872.8839999999998,16989.129000000008,33990.96200000001,513.793,21.485,207.43200000000004,18.027,251.469,552.3859999999997,4.571,362.28200000000004,364.92299999999983,402.523,379.09200000000004,369.7709999999999,1952275.7130000005,1172304.1669999994,382091.581,34256.60699999999,61718.72099999999,407.1650000000001,372.2079999999999,387.77,366.29100000000005,405.342,74784.19000000002,1577.367,15041.2,420.0870000000002,5418.73,126.131,199941.17499999996,3752855.740999998,367.97799999999995,16742250960.0,95843732784352.0
1996,22.8,108.8,89621.70599999999,957.5449999999998,2315.164,21385.756999999998,425.5129999999998,2424.563999999999,1071.3009999999995,748.7539999999999,369.8730000000001,3695007.647999999,392.09700000000015,79.53300000000006,53.55599999999998,27.377999999999997,2345.261,32551.46,889.8290000000002,17769.627999999997,34911.241,490.563,21.678000000000008,208.69899999999993,17.637,260.4099999999999,558.4669999999999,4.4190000000000005,360.2799999999999,362.7849999999999,403.2999999999998,381.71000000000004,366.9540000000002,1984827.1639999996,1207215.412,399861.203,35146.43399999998,64063.97699999997,406.29999999999984,371.92599999999993,388.424,366.6669999999999,403.79299999999984,74925.2,1542.5439999999999,14782.45,403.91299999999956,5441.519999999999,121.75699999999996,205930.043,3726030.765999998,363.83699999999993,16976280936.0,98945188078448.0
1997,22.1,108.8,89708.39699999998,842.2119999999995,51.40600000000029,21573.75700000001,388.77699999999976,2284.3950000000004,1075.3669999999995,741.779,367.93600000000015,3784017.0269999984,391.48799999999994,76.702,51.038000000000004,27.328999999999986,2406.5169999999985,32200.445000000007,912.0170000000002,17773.837000000007,35227.67700000002,488.898,21.558999999999997,201.76199999999994,18.159999999999997,262.179,567.2179999999998,4.482999999999999,358.31699999999995,360.5,401.9060000000001,383.02899999999994,365.5250000000001,2017027.6090000006,1242443.0860000008,417635.04500000004,36058.453,66470.48900000005,405.43499999999995,371.5929999999998,388.9819999999999,367.064,402.26400000000007,77431.88,1564.8420000000008,15197.940000000004,406.845,5455.3,122.31899999999999,208057.75499999995,3755943.312000001,353.6340000000001,17208781880.0,102268137657952.0
1998,25.9,98.8,89286.496,354.51500000000004,-464.4090000000002,21520.23699999999,472.85699999999986,2737.5499999999993,1035.6569999999997,748.9560000000002,367.21900000000005,3872561.9929999993,390.89500000000004,75.94099999999997,52.66999999999999,27.086999999999993,2379.975000000001,31298.147,875.632,18098.45300000001,35408.15600000001,484.6120000000001,21.570000000000007,195.464,15.703,251.15099999999998,547.2620000000001,4.491999999999999,357.71700000000004,358.6789999999999,402.55300000000005,386.028,363.6279999999999,2048325.7440000004,1277851.2360000003,435733.49999999994,36934.08,68850.46599999997,404.6069999999998,371.2129999999998,389.52800000000013,367.4919999999999,400.7940000000002,76598.31000000001,1563.1949999999995,14985.800000000008,405.68699999999995,5453.4800000000005,121.884,209291.788,3797346.5370000005,355.1880000000002,17440151200.0,103964683787584.0
1999,23.3,102.9,90256.26,1729.1839999999995,945.5730000000001,21940.862,606.2649999999994,2517.6900000000014,1037.3939999999996,687.3200000000002,366.28800000000007,3962052.521000002,390.30799999999994,72.35,48.09700000000001,26.975,2478.0670000000005,30946.356999999996,848.0870000000002,18636.52700000001,36095.46099999997,486.027,21.525999999999996,186.807,15.695999999999996,252.10099999999994,556.7500000000001,4.502,356.5439999999999,357.2120000000002,402.625,386.84000000000003,362.07599999999996,2079272.1,1313946.6949999998,454370.024,37782.173,71328.53099999996,403.7919999999999,370.8309999999998,390.046,367.9069999999999,399.31899999999996,76144.44,1509.6890000000005,14843.699999999997,389.478,5387.5199999999995,118.45699999999998,213173.93400000007,3812716.5240000016,341.9989999999999,17670731112.0,107734149504352.0
2000,24.8,98.7,92645.114,1536.9389999999996,2378.9199999999996,22641.763000000003,646.4839999999999,2659.118,1107.944,701.0500000000003,365.7340000000001,4053921.967999998,389.71900000000005,68.175,45.08899999999998,27.170999999999996,2587.508,32171.27199999999,984.9910000000002,19069.393000000007,36569.092000000004,487.195,22.090999999999998,197.942,16.404999999999998,263.64700000000005,603.3839999999998,4.470000000000001,357.49300000000005,355.7129999999997,401.819,372.39799999999997,361.48899999999975,2111443.372,1350515.788,473439.41300000006,38767.15999999999,73916.04600000002,403.00699999999995,370.39599999999984,390.50799999999987,368.0219999999998,397.85599999999994,77312.86999999998,1488.4189999999996,14772.389999999998,379.9039999999997,5350.400000000001,116.36100000000002,218448.13499999998,3815465.9469999997,322.34800000000007,17900882312.0,114242952719456.0
2001,25.0,100.9,93621.94299999996,1422.6220000000005,980.5399999999996,22702.964000000004,552.781,2534.8309999999983,1119.1639999999995,701.2299999999998,366.52999999999975,4146771.9700000044,389.1700000000001,68.12000000000002,45.12299999999999,27.021999999999988,2684.3769999999995,32424.139999999996,991.0869999999999,19324.090000000007,36947.02600000002,479.27700000000004,21.749999999999993,200.1850000000001,19.630000000000003,262.67399999999986,610.4099999999999,4.520999999999999,358.34799999999996,356.36099999999993,403.3199999999998,372.2259999999999,359.09800000000007,2143867.519000001,1387462.823,492763.5050000001,39758.25099999999,76600.41899999998,402.2479999999999,370.01199999999994,390.9909999999999,368.119,396.3549999999999,79171.24000000003,1543.1299999999994,14944.740000000002,380.1849999999999,5428.030000000001,116.833,220919.296,3864608.0570000005,322.04099999999994,18130839008.0,116845668952544.0
2002,12.0,157.4,95421.78499999999,695.6740000000002,1781.5439999999994,23262.320000000003,545.813,2405.516,1120.6779999999999,710.5160000000003,365.21299999999985,4241403.679999999,388.59499999999997,66.38499999999998,44.157999999999994,27.064999999999994,2817.2260000000006,33597.545000000006,1029.8609999999999,19863.199999999997,36837.26499999999,486.62399999999997,22.21399999999999,200.88399999999996,21.010000000000005,269.1460000000001,602.779,4.645999999999999,356.01000000000005,355.62000000000006,402.3330000000001,371.798,357.56700000000006,2177465.051999999,1424300.0840000003,512626.70800000004,40788.11699999999,79417.64199999998,401.43399999999997,369.6249999999999,391.419,368.21099999999996,394.83599999999973,81921.51,1624.6899999999996,15505.920000000002,398.846,5558.410000000002,116.92000000000004,225920.34699999995,3907295.675,312.91200000000015,18361886704.0,120557896160544.0
2003,25.8,108.7,99717.473,1239.839,4260.883000000001,24351.407000000003,429.6299999999998,2843.3669999999993,1152.4699999999998,764.2399999999997,363.89399999999995,4340296.279,387.999,66.68100000000001,45.58799999999999,27.36000000000001,3004.468,36085.962,1039.4259999999997,20636.498,37629.49699999999,496.7530000000002,22.663000000000018,211.23800000000008,20.461999999999996,277.9150000000001,615.4730000000001,4.733999999999997,353.42899999999986,354.288,404.1499999999999,374.78799999999995,354.927,2213551.0120000006,1461929.5729999996,533263.2,41827.543999999994,82422.11800000002,400.55799999999994,369.21500000000003,391.902,368.37600000000003,393.2149999999999,83786.97,1655.394,15574.77,405.78299999999996,5590.6500000000015,115.25599999999996,234191.08900000004,3982003.665,306.9659999999998,18592985816.0,124358138742720.0
2004,19.5,123.5,103831.362,1115.1779999999997,4042.3490000000006,25540.792000000005,449.709,2685.5759999999996,1169.266,765.2239999999997,361.54600000000005,4443231.245999999,387.34099999999995,64.11700000000002,43.303999999999995,36.775000000000006,3204.107000000001,38111.64600000001,1122.7539999999997,21294.239,38686.953000000016,515.2629999999999,23.659000000000013,211.43499999999992,20.547,290.66799999999995,618.1880000000002,4.772,350.36100000000005,351.93700000000007,403.756,372.95699999999994,353.782,2251662.657000001,1500616.5259999998,554557.446,42950.28899999999,85626.22200000001,399.59599999999995,368.751,392.34400000000005,368.4940000000001,391.5870000000001,87169.93000000002,1582.9940000000008,15905.020000000002,387.312,5721.690000000002,113.22400000000005,245657.616,4183261.348,307.1779999999999,18825856016.0,131502607381376.0
2005,24.4,113.8,106717.695,624.5630000000003,2849.5170000000003,26412.038000000008,441.6070000000001,3101.2990000000004,1173.7740000000001,786.0659999999998,359.6749999999997,4549015.716999999,386.65099999999995,59.684999999999995,41.53500000000001,35.70900000000001,3371.383,40047.33199999999,1198.7180000000003,21783.503000000008,38856.49400000001,527.0500000000001,23.936000000000003,206.47999999999993,26.881999999999994,290.49900000000014,621.0719999999999,4.899000000000001,347.097,350.937,403.4110000000001,373.23799999999994,352.11899999999997,2291709.991,1539473.0159999998,576340.9480000001,44149.007,88997.60599999999,398.5349999999999,368.2750000000001,392.747,368.626,389.9349999999999,88922.68999999999,1633.5320000000013,15862.420000000004,394.312,5711.68,113.79100000000001,254160.364,4268999.313999997,289.44100000000003,19061121008.0,140994277797312.0
2006,26.6,98.4,109913.34300000001,749.4130000000004,3144.5049999999987,27275.303999999993,456.3740000000002,3469.739,1185.6559999999993,813.1330000000002,358.619,4657944.682,385.94399999999985,57.17899999999999,40.6,39.63299999999999,3656.3459999999995,42240.246999999996,1219.0810000000001,22292.209,38973.657000000014,547.437,24.926999999999992,213.97199999999998,25.119999999999997,293.31199999999995,623.3509999999999,4.989000000000001,346.37899999999985,349.2480000000001,403.5159999999999,377.656,349.708,2333950.231000001,1578446.656,598633.1590000002,45368.089,92653.954,397.45099999999996,367.77599999999995,393.1389999999999,368.85699999999997,388.1739999999999,89660.60000000003,1558.9909999999995,16206.970000000003,381.29900000000015,5770.060000000002,111.76600000000006,261643.14499999996,4271069.306000002,276.2249999999998,19299026064.0,149644936559360.0
2007,22.0,116.2,112697.70400000003,1013.2529999999997,2726.379999999998,28070.037,368.92899999999906,3403.5059999999994,1197.8290000000004,800.9629999999997,356.79599999999994,4769600.018000002,385.20899999999995,53.599,38.45,39.79500000000001,3911.9100000000008,44073.24300000001,1277.8100000000004,22911.558999999997,38927.81500000001,553.0139999999999,26.141000000000023,216.72000000000006,23.032000000000007,301.7620000000001,625.1119999999996,5.055000000000001,344.9979999999999,346.899,401.22500000000014,378.05400000000003,349.2199999999999,2378023.469000001,1617374.4739999995,621544.718,46645.89999999998,96565.86199999998,396.3359999999999,367.2489999999999,393.4380000000001,369.09999999999985,386.424,91292.80999999998,1574.1739999999995,16237.040000000005,383.26900000000006,5867.580000000002,112.67700000000004,269909.3989999999,4273871.727,258.97900000000016,19539472208.0,159182180889344.0
2008,25.2,114.0,114658.899,696.158,1939.045,28613.681000000008,362.3579999999997,4048.6099999999974,1192.9160000000002,839.709,355.60400000000004,4883201.794000002,384.4639999999999,51.43900000000001,38.417999999999985,27.416999999999998,3950.6420000000007,45434.466,1313.9969999999996,23533.571000000004,38835.94100000001,533.1629999999999,26.376999999999992,212.588,21.729000000000003,303.4200000000002,623.8870000000011,4.920999999999998,342.6210000000001,346.76299999999986,400.6859999999999,373.74699999999996,347.487,2423457.9390000007,1656210.4200000002,645078.283,47959.896,100516.48899999999,395.1669999999999,366.73600000000005,393.69399999999996,369.23099999999994,384.733,91931.67,1537.6990000000014,16370.360000000002,370.6160000000001,5816.430000000003,110.49900000000005,273297.151,4207193.479,239.33499999999992,19782110832.0,165455444027328.0
2009,22.0,107.9,112219.35599999999,129.25700000000003,-2394.6189999999997,28137.032000000014,190.11400000000037,3465.1969999999997,1133.692,781.9839999999999,353.43600000000004,4994408.948999998,383.7179999999998,50.42499999999998,37.43600000000001,26.916999999999987,3989.386,44485.674999999996,1281.322,22914.386,38098.727000000006,437.663,23.556000000000004,196.23100000000005,20.739,285.1000000000001,604.0400000000001,4.04,339.6839999999999,346.67999999999995,397.49600000000004,373.81600000000003,341.49499999999995,2467943.6020000004,1694309.1449999993,667992.6639999999,49241.20999999999,104505.878,394.022,366.2600000000001,393.82800000000003,369.34900000000005,382.8819999999998,91581.41999999995,1463.960000000001,16493.849999999995,359.60599999999977,5797.39,104.50100000000006,269636.551,4050737.3569999994,242.67499999999998,20026415008.0,164533312065824.0
2010,19.4,128.5,117872.64700000003,1216.7090000000005,5590.728999999998,29659.690999999995,216.23700000000014,3480.1139999999987,1147.0569999999996,789.6890000000001,352.51900000000006,5111206.840999999,382.9450000000001,49.40300000000002,36.496,26.92300000000001,4223.925,47196.13600000001,1315.607,24684.327000000005,38892.93000000001,484.96200000000005,23.337,208.753,17.201000000000004,302.83,590.6090000000002,4.319000000000001,338.80400000000003,344.53900000000004,397.74199999999996,375.50199999999995,339.966,2515139.7399999998,1733202.0740000003,692677.0009999999,50556.818,108729.81300000002,392.811,365.74099999999993,393.96299999999997,369.50699999999995,381.012,94910.20999999996,1505.894999999999,16656.600000000002,366.59799999999984,5910.030000000001,108.82900000000005,282722.81999999995,4167188.6649999996,235.28099999999998,20271893168.0,176780933332480.0
2011,24.7,106.5,121158.73399999998,694.95,3257.4929999999977,30637.881999999998,206.69800000000032,3529.9339999999993,1130.7579999999996,748.417,350.9310000000001,5231262.224999995,382.1429999999999,47.21600000000002,34.465999999999994,26.948999999999998,4514.845999999997,49829.08100000002,1298.302,25177.08300000001,38735.496,500.58199999999994,24.21400000000001,212.811,16.342999999999996,307.54299999999995,565.4190000000002,4.418000000000002,337.86299999999994,342.9560000000001,395.118,378.0369999999999,338.4719999999999,2564968.8190000015,1771937.5780000004,717854.0730000001,51855.11799999999,113244.65200000005,391.579,365.2180000000001,394.0059999999999,369.71299999999997,379.11800000000005,97131.87999999998,1445.3919999999998,16856.779999999995,361.2650000000003,6066.970000000001,112.49400000000004,289875.41299999994,4142768.1730000013,223.1539999999999,20518357048.0,187816599294016.0
2012,17.8,139.3,123016.392,646.4390000000008,1865.3690000000013,31133.826000000005,181.37400000000045,3909.163,1134.281,791.4939999999999,350.752,5353182.970999999,381.36599999999993,46.483000000000004,35.450999999999986,27.213,4631.779999999997,50407.652,1310.0630000000003,25517.893999999997,39558.205000000016,495.16499999999996,24.305999999999997,214.16099999999994,15.841999999999995,307.859,567.7409999999998,4.367000000000001,338.26199999999994,343.2870000000002,392.761,375.418,337.6749999999999,2615376.473000001,1811495.7880000004,743371.969,53165.172999999995,117876.43800000001,390.39000000000016,364.7060000000001,393.958,369.85,377.2979999999998,98226.62,1430.2840000000015,17055.360000000004,351.99900000000014,6121.200000000003,108.00499999999998,294114.41699999996,4159137.154000001,219.4800000000001,20765650152.0,193156168895872.0
2013,21.0,132.7,123296.90199999996,447.4580000000001,264.079,31364.62299999999,141.97200000000024,4338.146,1113.6919999999998,781.6950000000003,349.2240000000001,5475367.808999999,380.5839999999999,45.72299999999999,34.985,26.919999999999998,4807.2789999999995,50240.842,1310.3759999999997,25567.089999999993,39754.82699999999,504.428,24.883999999999993,213.5019999999999,15.835999999999997,295.81399999999996,559.2909999999997,4.379000000000001,336.70900000000006,341.8370000000001,390.8880000000001,375.40200000000004,336.7889999999998,2665617.3000000003,1851250.6060000004,768939.0579999998,54475.55100000002,122683.72700000003,389.21599999999995,364.18299999999994,393.856,369.9849999999999,375.5250000000002,99454.06,1446.3,17003.170000000006,352.7599999999999,6065.7400000000025,105.17800000000003,299865.426,4162646.5990000004,214.98700000000014,21013375176.0,198385024896064.0
2014,20.9,128.6,123731.26199999999,940.6579999999998,424.74299999999977,31609.74199999999,159.84199999999996,3990.4680000000003,1115.1409999999996,776.396,347.8660000000001,5597977.372000002,379.7959999999999,45.239000000000004,33.971,26.60800000000001,4987.968999999999,50147.75100000001,1339.9480000000003,25569.820999999996,40056.109,507.9770000000001,26.141,206.7010000000002,16.843999999999998,303.46799999999996,557.7640000000005,4.212000000000001,335.54799999999994,341.0539999999998,387.9800000000001,371.4290000000001,336.21499999999986,2715765.0520000006,1891306.712,794508.8779999998,55815.49700000001,127671.69299999998,388.07199999999995,363.66200000000003,393.6659999999999,370.0139999999999,373.81200000000007,100329.01000000001,1405.715,17295.460000000006,342.9859999999998,6185.170000000001,103.4540000000001,302423.407,4098000.081,204.43899999999994,21261062920.0,203843892438144.0
2015,25.6,117.2,123813.289,440.1339999999998,43.472999999999615,31556.349999999995,174.52799999999988,3695.5840000000007,1100.1529999999998,771.4340000000001,348.354,5720630.412000004,379.0599999999999,44.32,33.06700000000002,18.720000000000002,4815.970000000001,49217.346,1338.2640000000004,26185.313000000006,40599.73299999999,496.4120000000001,25.678,198.77499999999998,16.189000000000004,298.2569999999999,557.0950000000003,4.164000000000001,336.54100000000005,340.74599999999987,387.22799999999995,369.6299999999999,337.1620000000001,2764982.3999999994,1931906.4610000004,820694.1819999999,57153.757999999994,132487.65999999995,387.02000000000004,363.1579999999999,393.4529999999999,370.00699999999995,372.342,101106.26000000001,1480.9630000000006,17650.220000000005,362.5130000000004,6291.9900000000025,107.66900000000003,298190.66500000004,3498890.299999999,113.76699999999998,21508277072.0,209538246008064.0
2016,20.7,123.2,123890.71599999997,549.6229999999998,57.67800000000003,31486.43199999999,142.71799999999973,3376.1930000000016,1082.366,756.476,348.40900000000005,5843341.130999997,378.35599999999994,43.06300000000001,32.444,18.627,4930.264000000002,48324.66799999999,1389.3080000000004,26901.483000000004,40690.4,474.598,25.589,199.54000000000005,16.089000000000002,294.51800000000003,542.6120000000002,4.027,336.415,339.94899999999996,387.6300000000001,374.06399999999996,336.86000000000007,2813307.067999999,1972596.8580000002,847595.6669999998,58543.061,137417.91899999997,386.0239999999999,362.63800000000003,393.26699999999994,370.10600000000005,370.94899999999996,100041.92000000001,1415.3780000000008,17424.08,345.5200000000002,6291.93,105.00500000000011,302261.57000000007,3494606.9830000005,113.35400000000001,21754803056.0,212897313449152.0
2017,17.4,141.8,125438.73399999997,519.9160000000003,1898.7969999999984,31871.220000000005,161.5530000000001,3287.8919999999994,1094.867,760.9480000000004,444.377,7508124.253999999,475.17099999999994,0.0,0.0,0.0,6449.3440000000055,62806.414000000004,1923.777,34699.524,52153.50099999998,594.518,25.83799999999999,205.06799999999996,17.493000000000002,299.413,543.0050000000002,4.058999999999999,435.7529999999998,428.365,487.7279999999998,476.19999999999976,436.80899999999957,3604905.580000002,2530564.384999999,1097760.7399999998,76284.84599999998,180912.65600000013,485.0489999999997,455.03999999999974,493.06399999999985,470.25599999999986,469.63500000000005,0.0,0.0,0.0,0.0,0.0,0.0,0.0,0.0,0.0,21975847816.0,0.0
2018,22.9,111.8,127746.944,882.6739999999996,2992.570000000003,32553.739,241.67799999999988,3362.022000000001,1116.833,768.8689999999999,443.76600000000013,7669743.894,474.4679999999997,0.0,0.0,0.0,6604.328000000007,63716.423,2037.5849999999996,36341.45100000001,52313.87699999998,605.9900000000002,25.666000000000004,224.62800000000001,17.580000000000005,299.9209999999999,544.9629999999997,4.0920000000000005,435.86899999999986,426.9420000000002,485.25500000000017,474.41499999999985,436.04299999999984,3668622.0029999986,2582878.247,1134102.1880000005,78322.434,187516.96500000005,484.0989999999999,454.4239999999998,492.814,470.3599999999998,468.3649999999997,0.0,0.0,0.0,0.0,0.0,0.0,0.0,0.0,0.0,22219016416.0,0.0
2019,9.3,167.0,127568.91500000008,283.61800000000005,-156.70100000000028,0.0,0.0,0.0,1104.5500000000004,0.0,443.0649999999998,7831206.852000002,473.7759999999996,0.0,0.0,0.0,6796.355000000006,62416.29600000002,2037.5849999999996,36874.032000000014,52732.68799999997,605.9900000000002,25.004,215.39199999999994,17.358000000000008,300.1909999999999,542.5250000000002,4.078,434.58499999999987,426.8079999999997,484.18800000000005,474.41499999999985,434.6169999999999,3731038.298,2635610.9519999987,1170976.2200000004,80360.01699999999,194310.588,483.1759999999997,453.84099999999984,492.53599999999983,470.46799999999973,467.0919999999999,0.0,0.0,0.0,0.0,0.0,0.0,0.0,0.0,0.0,22459660088.0,0.0
